{
  "model_name": "Fusion-123",
  "created_at": "2025-10-25T18:16:56.735895",
  "total_epochs": 46,
  "best_metrics": {
    "epoch": 36,
    "train_loss": 0.0320030716545594,
    "train_acc": 0.9586,
    "train_f1": 0.9586099336159322,
    "val_loss": 0.12336924274683378,
    "val_acc": 0.8702,
    "val_f1": 0.8681965881397238,
    "lr": 0.00025
  },
  "epochs": [
    1,
    2,
    3,
    4,
    5,
    6,
    7,
    8,
    9,
    10,
    11,
    12,
    13,
    14,
    15,
    16,
    17,
    18,
    19,
    20,
    21,
    22,
    23,
    24,
    25,
    26,
    27,
    28,
    29,
    30,
    31,
    32,
    33,
    34,
    35,
    36,
    37,
    38,
    39,
    40,
    41,
    42,
    43,
    44,
    45,
    46
  ],
  "train_losses": [
    0.17477311857063751,
    0.1734492103652576,
    0.17320905160873443,
    0.17290299479156504,
    0.1725468008833773,
    0.17192234024596031,
    0.17005936220250167,
    0.16453376490517954,
    0.1512648596540284,
    0.13406764633972626,
    0.12128285463432521,
    0.11362429733966928,
    0.10650042072891275,
    0.10137240362860968,
    0.0965804351336511,
    0.09250218807564825,
    0.08855197007012794,
    0.08560845807499592,
    0.08245300957956887,
    0.08043925100675477,
    0.07724197064538288,
    0.07483448344937828,
    0.07203495574405279,
    0.06954544596374035,
    0.06767884586625697,
    0.05664387420820229,
    0.053441732666929205,
    0.050678592199064273,
    0.04822656357436991,
    0.046566959198973974,
    0.04410968421508208,
    0.038005351763018565,
    0.03547019975217026,
    0.03404274450786545,
    0.032189724205866875,
    0.0320030716545594,
    0.029680292719922712,
    0.029038827057661074,
    0.028639622369681098,
    0.02691954447199469,
    0.023478068545927554,
    0.022535075433552265,
    0.022161574475705395,
    0.021407101410524466,
    0.01976483951970611,
    0.019010373063699897
  ],
  "train_accuracies": [
    0.50404,
    0.5097,
    0.51296,
    0.52066,
    0.53006,
    0.54128,
    0.55974,
    0.59572,
    0.67444,
    0.7372,
    0.77274,
    0.7932,
    0.80816,
    0.81934,
    0.82854,
    0.8381,
    0.84606,
    0.85414,
    0.8611,
    0.865,
    0.87354,
    0.87498,
    0.88182,
    0.88664,
    0.89,
    0.91042,
    0.91598,
    0.92194,
    0.92776,
    0.93062,
    0.9359,
    0.94608,
    0.9501,
    0.95304,
    0.95768,
    0.9586,
    0.96104,
    0.96364,
    0.96394,
    0.96774,
    0.97266,
    0.97596,
    0.97642,
    0.9774,
    0.98036,
    0.98126
  ],
  "train_f1_scores": [
    0.5043968342793189,
    0.5094547273636818,
    0.5044968054368616,
    0.5127371053327099,
    0.5210656121970608,
    0.5130154146672895,
    0.5556968412554244,
    0.588091453722949,
    0.6743357874519846,
    0.738819320214669,
    0.7724897387125839,
    0.7935468413066049,
    0.8084205480546457,
    0.8190541054866689,
    0.8284130256389728,
    0.8383166556813869,
    0.8462414351065742,
    0.8534276584199209,
    0.8613024983524055,
    0.864789070950683,
    0.8731721993781968,
    0.8749174587293647,
    0.8818270903745775,
    0.8864765261977248,
    0.8896734333627537,
    0.9102566671341842,
    0.916025346312991,
    0.9217569111721429,
    0.9276471295220544,
    0.9304154213387359,
    0.9358037055583375,
    0.9459589480436177,
    0.9500830282295981,
    0.9529666279395858,
    0.9576444213139037,
    0.9586099336159322,
    0.9609838166960423,
    0.9635758935726879,
    0.9638858287431147,
    0.9677057681142011,
    0.9726452284233487,
    0.9759397894231154,
    0.9764129238771632,
    0.9773918610699852,
    0.9803521408563426,
    0.9812611243325401
  ],
  "val_losses": [
    0.1738552113247525,
    0.17325812625657222,
    0.1729739582652499,
    0.1723258487737862,
    0.17173740400630197,
    0.1708546464989899,
    0.16930331270785848,
    0.15801834547595614,
    0.14629528315583612,
    0.11881339725605242,
    0.11153597555532577,
    0.10702863501705182,
    0.10165817959673086,
    0.09625422646095798,
    0.09170834366588076,
    0.09136191921628964,
    0.08773327974756812,
    0.08732823906525684,
    0.08519939679628724,
    0.08714290615764393,
    0.08346569115758702,
    0.08753151199810065,
    0.08707794929101209,
    0.0861940356386695,
    0.08542268089712805,
    0.08791576254709511,
    0.0904108078521528,
    0.0898991987868479,
    0.0950949297399278,
    0.10323585095299277,
    0.10196965351510959,
    0.10384297513278426,
    0.11589962874011249,
    0.11187483422505627,
    0.12399041819961587,
    0.12336924274683378,
    0.1359909713315736,
    0.1393579684530094,
    0.13107817004298328,
    0.14267718566546014,
    0.14697410555402185,
    0.15139266032322196,
    0.15671319533495387,
    0.15567917357774297,
    0.1581451292535302,
    0.16397042400470585
  ],
  "val_accuracies": [
    0.5106,
    0.5189,
    0.5223,
    0.5337,
    0.5428,
    0.5551,
    0.5597,
    0.6253,
    0.6922,
    0.7728,
    0.7871,
    0.7978,
    0.8156,
    0.8321,
    0.8374,
    0.8377,
    0.8504,
    0.8509,
    0.8554,
    0.8519,
    0.8622,
    0.8508,
    0.8592,
    0.86,
    0.86,
    0.868,
    0.8696,
    0.8666,
    0.8654,
    0.8626,
    0.8679,
    0.8695,
    0.8689,
    0.8701,
    0.8657,
    0.8702,
    0.8633,
    0.8654,
    0.8665,
    0.8641,
    0.8655,
    0.8627,
    0.8666,
    0.8632,
    0.866,
    0.8669
  ],
  "val_f1_scores": [
    0.3607628004179728,
    0.41379310344827586,
    0.5988748005709967,
    0.43880129979540256,
    0.51434034416826,
    0.5712633709164499,
    0.5907612231620039,
    0.6300720702932175,
    0.6960900473933649,
    0.7725725725725726,
    0.7853614275632624,
    0.7937155682513772,
    0.8125254168361122,
    0.8314087759815243,
    0.8397397989355411,
    0.8352451527763679,
    0.8455183808343659,
    0.8518039956266773,
    0.8506506920057839,
    0.8522693266832918,
    0.8633478778262594,
    0.8487429034874291,
    0.8568523790158601,
    0.8589846897663175,
    0.8601398601398601,
    0.8668280871670703,
    0.8664481769766489,
    0.8660373568989757,
    0.8627650897226754,
    0.8633107839235973,
    0.8680187830952143,
    0.8689100954294324,
    0.8681219193240116,
    0.8695914064852927,
    0.865740277916625,
    0.8681965881397238,
    0.863204242970079,
    0.8651572831095973,
    0.8655453721422097,
    0.8628519527702089,
    0.8644836272040303,
    0.8627137286271372,
    0.8656054805561153,
    0.8642318380309647,
    0.8651911468812877,
    0.8662983425414365
  ],
  "learning_rates": [
    0.001,
    0.001,
    0.001,
    0.001,
    0.001,
    0.001,
    0.001,
    0.001,
    0.001,
    0.001,
    0.001,
    0.001,
    0.001,
    0.001,
    0.001,
    0.001,
    0.001,
    0.001,
    0.001,
    0.001,
    0.001,
    0.001,
    0.001,
    0.001,
    0.0005,
    0.0005,
    0.0005,
    0.0005,
    0.0005,
    0.0005,
    0.00025,
    0.00025,
    0.00025,
    0.00025,
    0.00025,
    0.00025,
    0.00025,
    0.00025,
    0.00025,
    0.000125,
    0.000125,
    0.000125,
    0.000125,
    6.25e-05,
    6.25e-05,
    6.25e-05
  ],