{
  "model_name": "Fusion-42",
  "created_at": "2025-10-26T11:32:15.756422",
  "total_epochs": 40,
  "best_metrics": {
    "epoch": 30,
    "train_loss": 0.047870991537180704,
    "train_acc": 0.92818,
    "train_f1": 0.9280490492696708,
    "val_loss": 0.09958276684117165,
    "val_acc": 0.8687,
    "val_f1": 0.8673871326128674,
    "lr": 0.0005
  },
  "epochs": [
    1,
    2,
    3,
    4,
    5,
    6,
    7,
    8,
    9,
    10,
    11,
    12,
    13,
    14,
    15,
    16,
    17,
    18,
    19,
    20,
    21,
    22,
    23,
    24,
    25,
    26,
    27,
    28,
    29,
    30,
    31,
    32,
    33,
    34,
    35,
    36,
    37,
    38,
    39,
    40
  ],
  "train_losses": [
    0.1748911125771225,
    0.17341491217960786,
    0.17296716469861662,
    0.17252761363754493,
    0.17228316235572785,
    0.17183049777737053,
    0.17093129223569883,
    0.16949873798719758,
    0.16458264364839514,
    0.15139884175851825,
    0.13345358730353357,
    0.12006271538107902,
    0.11184499960611849,
    0.10557303180360733,
    0.09972216564294932,
    0.09501947782685995,
    0.09023819979556534,
    0.0865682426058804,
    0.08375125791867981,
    0.07983867144283584,
    0.07746702639857674,
    0.07450412774025023,
    0.07160585134973764,
    0.06831230785783447,
    0.06733305760852211,
    0.06369941760226132,
    0.06184643879294624,
    0.05905261113191657,
    0.05747949916040501,
    0.047870991537180704,
    0.044262704791982306,
    0.04152854475790582,
    0.039121899613276924,
    0.0375031975033643,
    0.0314911563232865,
    0.029314807193387117,
    0.028697266101675188,
    0.026492453000420118,
    0.023886903682175803,
    0.022638511773713333
  ],
  "train_accuracies": [
    0.50626,
    0.51148,
    0.51928,
    0.5281,
    0.5329,
    0.53708,
    0.54442,
    0.55954,
    0.59684,
    0.66426,
    0.73908,
    0.77708,
    0.7985,
    0.81066,
    0.82366,
    0.83276,
    0.84258,
    0.85268,
    0.85742,
    0.86464,
    0.86786,
    0.87684,
    0.882,
    0.88684,
    0.89086,
    0.8958,
    0.90132,
    0.90636,
    0.9088,
    0.92818,
    0.93388,
    0.93962,
    0.94452,
    0.94726,
    0.95816,
    0.96302,
    0.96492,
    0.96862,
    0.9741,
    0.97594
  ],
  "train_f1_scores": [
    0.5116803481356939,
    0.5134262948207171,
    0.5074993852962872,
    0.5111566909068308,
    0.5275614443208253,
    0.5086192255434783,
    0.5081510590978775,
    0.5437444322442976,
    0.5896673859056304,
    0.6647360747738211,
    0.7390591247299784,
    0.7757253813030706,
    0.7979301630598287,
    0.8112225567807932,
    0.8233526335824334,
    0.8327666893324267,
    0.8421474841064517,
    0.8524557327137249,
    0.8574456597812393,
    0.8644122125170286,
    0.8675553773679463,
    0.8767857857457281,
    0.8817587879273718,
    0.8867539329890717,
    0.8904590802336552,
    0.8956413748898325,
    0.9012093544770142,
    0.9060329948219805,
    0.9084815156745474,
    0.9280490492696708,
    0.933744839472524,
    0.9395607695541631,
    0.9444800256184452,
    0.9473095290426998,
    0.95810134187863,
    0.9629970581760692,
    0.9648680046468774,
    0.9686055585569362,
    0.9740797822301395,
    0.9758961309583442
  ],
  "val_losses": [
    0.17328342567583557,
    0.17317801941731933,
    0.17239371919707888,
    0.17253702489813422,
    0.17166275516816765,
    0.17094876678885929,
    0.16998760487623277,
    0.16789748685754788,
    0.15684807224638142,
    0.137124318131216,
    0.11711797550035889,
    0.10935105468816818,
    0.10378909732695597,
    0.0978635346433919,
    0.0946540521683207,
    0.09135486954336713,
    0.09667261576007126,
    0.08961776821951198,
    0.08760059316446826,
    0.08754941875672644,
    0.08500923887844299,
    0.08735760624051854,
    0.08527314335487451,
    0.08637735641496197,
    0.0884513481027761,
    0.08705402663938559,
    0.08948473729620314,
    0.0949086781567449,
    0.08894494866394693,
    0.09958276684117165,
    0.10333658868719818,
    0.10865798825101489,
    0.10622727218422161,
    0.11095206425258308,
    0.12231016633616891,
    0.14010326716170948,
    0.13825058604881263,
    0.1460089509606741,
    0.1498355978898182,
    0.15781442619338157
  ],
  "val_accuracies": [
    0.5131,
    0.5117,
    0.5229,
    0.5262,
    0.5415,
    0.5467,
    0.5526,
    0.5757,
    0.6251,
    0.7167,
    0.783,
    0.8012,
    0.8106,
    0.822,
    0.8335,
    0.8417,
    0.8295,
    0.8449,
    0.8512,
    0.8542,
    0.8611,
    0.8565,
    0.8599,
    0.8626,
    0.8647,
    0.8626,
    0.8616,
    0.8608,
    0.8647,
    0.8687,
    0.8671,
    0.8657,
    0.865,
    0.8662,
    0.8645,
    0.8629,
    0.8655,
    0.8665,
    0.8656,
    0.8625
  ],
  "val_f1_scores": [
    0.5923817496860612,
    0.4778098599080312,
    0.5624942686840899,
    0.5537766057637973,
    0.5114544485881726,
    0.5018133860863832,
    0.6102787456445993,
    0.5669082372154741,
    0.6361960213488598,
    0.7240674004090776,
    0.7824343292560658,
    0.8040993299172251,
    0.8142408787759906,
    0.8227091633466136,
    0.8368127021464276,
    0.8423777755650702,
    0.8312382460655251,
    0.8490804709545587,
    0.8514376996805112,
    0.8552709946396665,
    0.8599939522225583,
    0.8571144080454047,
    0.8610256918956453,
    0.8620758883758282,
    0.8649565824932628,
    0.8627098321342925,
    0.8615723144628926,
    0.8619869125520524,
    0.864767616191904,
    0.8673871326128674,
    0.8670601180354106,
    0.8661684105630294,
    0.8646480850210547,
    0.8666533785130556,
    0.865080155332072,
    0.8623355758610303,
    0.8652979469203805,
    0.8675200952664484,
    0.8667724028548771,
    0.8607876885694037
  ],
  "learning_rates": [
    0.001,
    0.001,
    0.001,
    0.001,
    0.001,
    0.001,
    0.001,
    0.001,
    0.001,
    0.001,
    0.001,
    0.001,
    0.001,
    0.001,
    0.001,
    0.001,
    0.001,
    0.001,
    0.001,
    0.001,
    0.001,
    0.001,
    0.001,
    0.001,
    0.001,
    0.001,
    0.001,
    0.001,
    0.0005,
    0.0005,
    0.0005,
    0.0005,
    0.0005,
    0.00025,
    0.00025,
    0.00025,
    0.00025,
    0.000125,
    0.000125,
    0.000125
  ],
  "gradient_norms": [
    0.20209793715782048,
    0.14972665963367748,
    0.13938063641855816,
    0.09340682139801686,
    0.09156584212965847,
    0.07880715314588492,
    0.06252935597854867,
    0.08932208982159269,
    0.13964473775320616,
    0.23165403186921535,
    0.2476099926845202,
    0.12562838959490394,
    0.17792545152959613,
    0.2374140817119872,
    0.26211001413851187,
    0.3545374838457607,
    0.17788055052791454,
    0.12352862579628987,
    0.22751362695003852,
    0.5575622942500649,
    0.0898286169205886,
    0.730250112829208,
    0.22281715712081065,
    0.25145165696196853,
    0.21554716981733013,
    0.20807678823713488,
    0.19877686242905465,
    0.08958392229493328,
    0.3021397689262205,
    0.46055330164254005,
    0.5289038239615518,
    0.1805500352619247,
    0.4834933292124128,
    0.11545689371318917,
    0.24338497786762292,
    0.16586582144947706,
    0.05834696857225619,
    0.21354193530893412,
    NaN,
    0.9999990841441732
  ]
}