{
  "model_name": "FPN-Multi-Scale",
  "created_at": "2025-10-26T11:33:47.966334",
  "total_epochs": 39,
  "best_metrics": {
    "epoch": 29,
    "train_loss": 0.03336252395035056,
    "train_acc": 0.95494,
    "train_f1": 0.954841554589004,
    "val_loss": 0.11697435042091237,
    "val_acc": 0.8658,
    "val_f1": 0.8669442791988895,
    "lr": 0.0005
  },
  "epochs": [
    1,
    2,
    3,
    4,
    5,
    6,
    7,
    8,
    9,
    10,
    11,
    12,
    13,
    14,
    15,
    16,
    17,
    18,
    19,
    20,
    21,
    22,
    23,
    24,
    25,
    26,
    27,
    28,
    29,
    30,
    31,
    32,
    33,
    34,
    35,
    36,
    37,
    38,
    39
  ],
  "train_losses": [
    0.17309814497180606,
    0.17248423119335224,
    0.17095180814299743,
    0.16786015066115753,
    0.16405477552005396,
    0.15923956592979333,
    0.15190974184695413,
    0.13648259162407397,
    0.12258157553270345,
    0.1119200547637842,
    0.10562210373790062,
    0.09924716314258021,
    0.09344738993860419,
    0.08952218192674773,
    0.08490621369055774,
    0.08058235942459929,
    0.07760709893349034,
    0.07378486712532276,
    0.07048838481287975,
    0.06777494098238475,
    0.0640083085769392,
    0.06158956663106637,
    0.058929064392071705,
    0.05584321910386805,
    0.053178958270860756,
    0.051064859465946015,
    0.049044879108114774,
    0.03686332438603196,
    0.03336252395035056,
    0.030788507946121417,
    0.030321589045826814,
    0.027397872415630867,
    0.02624707245160742,
    0.02008832771988476,
    0.018925172997319408,
    0.01760496572076874,
    0.017037989176890773,
    0.014657867902680241,
    0.014140540705350658
  ],
  "train_accuracies": [
    0.51336,
    0.52584,
    0.54424,
    0.5646,
    0.59184,
    0.61674,
    0.65216,
    0.72334,
    0.76828,
    0.79498,
    0.81154,
    0.8244,
    0.83674,
    0.8467,
    0.856,
    0.8633,
    0.86932,
    0.87646,
    0.8837,
    0.89024,
    0.89686,
    0.90202,
    0.9072,
    0.91316,
    0.91966,
    0.92124,
    0.92656,
    0.94828,
    0.95494,
    0.95966,
    0.96102,
    0.96658,
    0.96732,
    0.97938,
    0.98106,
    0.98298,
    0.9844,
    0.98816,
    0.98974
  ],
  "train_f1_scores": [
    0.4936951183986017,
    0.4493682645856559,
    0.5012693688172984,
    0.5568357625600521,
    0.592800989664392,
    0.6093090582886501,
    0.6505525416917822,
    0.7216980183080173,
    0.7679365460882106,
    0.7949594959495949,
    0.8110828204254296,
    0.8242734769033704,
    0.8366910073021907,
    0.8469051471028821,
    0.8559769563130101,
    0.8634229193725647,
    0.8691944266495836,
    0.8762347472399767,
    0.8831602001245755,
    0.8900508875265457,
    0.8969609782413235,
    0.9019317385647082,
    0.9069804739184475,
    0.9132120727563462,
    0.9194780203259366,
    0.9210948144586039,
    0.9267036608247834,
    0.9482986124995002,
    0.954841554589004,
    0.9596478943683104,
    0.9609864483455772,
    0.9665512340612927,
    0.9673304542546385,
    0.979363903844999,
    0.9810490084248864,
    0.9829721671969106,
    0.9843968793758752,
    0.9881514690577216,
    0.9897377423033067
  ],
  "val_losses": [
    0.1722327571385985,
    0.17304473887583252,
    0.16776819565113943,
    0.1638590870009866,
    0.16180497939419594,
    0.15381025527692904,
    0.14207900410435,
    0.126389455073958,
    0.11538336781939124,
    0.10954298657976139,
    0.10337816553700502,
    0.09970516070818446,
    0.09457066863965077,
    0.09482759268135782,
    0.09253583217312576,
    0.0889302580172469,
    0.08853595290973687,
    0.0956750779299979,
    0.09048916306939854,
    0.08873811634672675,
    0.09127940621915137,
    0.0926563068987078,
    0.08800427814957443,
    0.09604806507563894,
    0.10167400557903727,
    0.09941473021913486,
    0.09167643197497745,
    0.1093146978717321,
    0.11697435042091237,
    0.12391638675123264,
    0.13210424128326642,
    0.13790340135526505,
    0.1473701475247456,
    0.15866368765806316,
    0.1716358246174967,
    0.18007621833473253,
    0.18013992642236362,
    0.19374714450092073,
    0.19539785033957974
  ],
  "val_accuracies": [
    0.5289,
    0.5371,
    0.5663,
    0.5922,
    0.6137,
    0.629,
    0.7021,
    0.7615,
    0.7812,
    0.8005,
    0.8147,
    0.8239,
    0.8326,
    0.8344,
    0.835,
    0.8471,
    0.8458,
    0.8425,
    0.8497,
    0.8561,
    0.8517,
    0.8516,
    0.8627,
    0.8599,
    0.8586,
    0.8511,
    0.8601,
    0.8627,
    0.8658,
    0.8621,
    0.8637,
    0.8603,
    0.8587,
    0.8601,
    0.8582,
    0.8573,
    0.8599,
    0.8596,
    0.8591
  ],
  "val_f1_scores": [
    0.29968782518210196,
    0.4743953673214488,
    0.5361001176596427,
    0.5744103527447297,
    0.5880345526287726,
    0.6381899746440414,
    0.6953676245014828,
    0.7472178060413355,
    0.7828072265237245,
    0.8003202882594335,
    0.8158600814866342,
    0.8240583474872615,
    0.8348134991119005,
    0.8383759515908648,
    0.8344038538739462,
    0.8470541162348705,
    0.8451496284394456,
    0.8405709079866384,
    0.8487471067726678,
    0.8570293094883259,
    0.8532119172523013,
    0.8534176214934809,
    0.8619684326932744,
    0.8597457202923215,
    0.8592474616762891,
    0.8503367172580159,
    0.8592979985919742,
    0.8612150005054079,
    0.8669442791988895,
    0.8615044692176358,
    0.8641753861484803,
    0.8598655833082556,
    0.8578899728452177,
    0.8594958320779351,
    0.8578018451664661,
    0.857171454308878,
    0.8590685041746303,
    0.8590927338418306,
    0.8590859085908591
  ],
  "learning_rates": [
    0.001,
    0.001,
    0.001,
    0.001,
    0.001,
    0.001,
    0.001,
    0.001,
    0.001,
    0.001,
    0.001,
    0.001,
    0.001,
    0.001,
    0.001,
    0.001,
    0.001,
    0.001,
    0.001,
    0.001,
    0.001,
    0.001,
    0.001,
    0.001,
    0.001,
    0.001,
    0.0005,
    0.0005,
    0.0005,
    0.0005,
    0.0005,
    0.0005,
    0.00025,
    0.00025,
    0.00025,
    0.00025,
    0.000125,
    0.000125,
    0.000125
  ],
  "gradient_norms": [
    0.04211214586359218,
    0.07445044501501687,
    0.03360772585331175,
    0.06323339230835101,
    0.05518284194694621,
    0.0662849747100662,
    0.22023840683226095,
    0.45683026161277585,
    0.25890774972869823,
    0.2102919576396822,
    0.36351453379516296,
    0.2636825977786337,
    0.5161852859223222,
    0.7251591297837516,
    0.2752533360132523,
    0.20745212621343526,
    0.2323106787602631,
    0.23680500066163918,
    0.2635050252435471,
    1.1218373873258445,
    0.10038381284258541,
    0.21473388251251882,
    0.375585102308262,
    NaN,
    0.7444331198059673,
    0.5302268821734071,
    0.20166022998940838,
    0.34010468379499936,
    0.36043016863010935,
    0.15994258118195231,
    0.295205408090914,
    0.5665948789196972,
    0.10522780275382988,
    0.15326146443665645,
    0.057377692666030836,
    0.013946936479981534,
    0.22597748864639217,
    0.04913495609069614,
    0.779342181153141
  ]
}