{
  "model_name": "Seed-2025",
  "created_at": "2025-10-25T18:48:34.615145",
  "total_epochs": 47,
  "best_metrics": {
    "epoch": 37,
    "train_loss": 0.0414163348791392,
    "train_acc": 0.93874,
    "train_f1": 0.9386258440699702,
    "val_loss": 0.0943670874805587,
    "val_acc": 0.8799,
    "val_f1": 0.8776611999592544,
    "lr": 0.0005
  },
  "epochs": [
    1,
    2,
    3,
    4,
    5,
    6,
    7,
    8,
    9,
    10,
    11,
    12,
    13,
    14,
    15,
    16,
    17,
    18,
    19,
    20,
    21,
    22,
    23,
    24,
    25,
    26,
    27,
    28,
    29,
    30,
    31,
    32,
    33,
    34,
    35,
    36,
    37,
    38,
    39,
    40,
    41,
    42,
    43,
    44,
    45,
    46,
    47
  ],
  "train_losses": [
    0.1748558726457074,
    0.1734271352667638,
    0.173176306116459,
    0.17302134497772398,
    0.1726632280384793,
    0.17253805096725675,
    0.1723378773045052,
    0.17127067121245976,
    0.1691925641330307,
    0.1654284285652973,
    0.15538062242900624,
    0.13727989096356474,
    0.12360097723238914,
    0.1148981069264662,
    0.10826157034396211,
    0.10290638901903044,
    0.09757564388348929,
    0.09321481767384444,
    0.09010873947892804,
    0.08664502243004034,
    0.08346977797539337,
    0.08114157477989221,
    0.07884770339769323,
    0.07567694129617623,
    0.07382400267188201,
    0.0712570079395076,
    0.0689800225407876,
    0.06674932032023244,
    0.0650336273357539,
    0.06304153948641189,
    0.06161521117219611,
    0.059876458940889374,
    0.05720975219993792,
    0.056294547927463454,
    0.05389890704980439,
    0.044719418291659915,
    0.0414163348791392,
    0.039655055262415154,
    0.03704863636995025,
    0.03600670139798347,
    0.03526400955384383,
    0.02951446062077761,
    0.027837441512443068,
    0.025798098229424422,
    0.024556644652705746,
    0.022706019733806173,
    0.02149836312803199
  ],
  "train_accuracies": [
    0.50298,
    0.51098,
    0.51586,
    0.5187,
    0.5236,
    0.5252,
    0.52706,
    0.54338,
    0.56176,
    0.58644,
    0.652,
    0.72498,
    0.76732,
    0.79158,
    0.8062,
    0.81814,
    0.82842,
    0.83832,
    0.84402,
    0.8517,
    0.85892,
    0.8629,
    0.868,
    0.87336,
    0.87676,
    0.88388,
    0.88408,
    0.89112,
    0.89378,
    0.89738,
    0.90096,
    0.90532,
    0.91092,
    0.91252,
    0.91748,
    0.9353,
    0.93874,
    0.94314,
    0.94872,
    0.95142,
    0.95192,
    0.96224,
    0.966,
    0.9694,
    0.9713,
    0.9756,
    0.97792
  ],
  "train_f1_scores": [
    0.5036649423795163,
    0.498677547003465,
    0.499431336462706,
    0.501955752395538,
    0.5086836351635659,
    0.48884678322280595,
    0.5098356238210725,
    0.5085562993736144,
    0.5464856362281646,
    0.5817725820152907,
    0.6461544718753813,
    0.7239032225680153,
    0.7669004207573632,
    0.7904273504273505,
    0.8060215398166313,
    0.8180053239397154,
    0.8286222257735871,
    0.8384040299044497,
    0.8437981934346772,
    0.8514653151980128,
    0.8588353011807084,
    0.8624350304027614,
    0.8675656152179148,
    0.8729534510433387,
    0.8763395544852498,
    0.8836845901113871,
    0.883982545338084,
    0.8908711863047749,
    0.893654512324543,
    0.8973820523589529,
    0.9008290944046141,
    0.9050655757429912,
    0.9108914852752881,
    0.9124849939975991,
    0.917344444889619,
    0.9351534467897448,
    0.9386258440699702,
    0.9430545818728092,
    0.9486234120145874,
    0.9513548154527066,
    0.9518236472945891,
    0.9621976613807465,
    0.9659972797823826,
    0.969359554612088,
    0.9712534305575031,
    0.9755677494292466,
    0.9778996676942787
  ],
  "val_losses": [
    0.1736641335449401,
    0.1729264753829142,
    0.17314076461609762,
    0.17258112217969956,
    0.172309778962925,
    0.172780047081838,
    0.17181680565047416,
    0.16977437315093483,
    0.16689901642358987,
    0.1605829230159711,
    0.14274666709884717,
    0.1258023479466985,
    0.11050492491881558,
    0.10455934262009943,
    0.10093612755369988,
    0.097393989752812,
    0.09094688457668207,
    0.0913867391883188,
    0.08730648355973754,
    0.08669280075723199,
    0.08423655966569664,
    0.0869801375943764,
    0.08863103377876008,
    0.08240139161705211,
    0.08419320725236729,
    0.08197786416977075,
    0.08585994467613803,
    0.0839698060540257,
    0.08173831469219202,
    0.08967734994307446,
    0.08634495789742773,
    0.08807960159744427,
    0.08790165971323943,
    0.08973568685020611,
    0.09126074346387462,
    0.09203170173487087,
    0.0943670874805587,
    0.10731295308774444,
    0.1065966477202382,
    0.11563991103914513,
    0.11777478255995899,
    0.12477019896647733,
    0.12076648985551801,
    0.1379355617745477,
    0.13896508313193442,
    0.15072648782449163,
    0.14621065417008036
  ],
  "val_accuracies": [
    0.4965,
    0.5139,
    0.5157,
    0.532,
    0.5251,
    0.5239,
    0.5459,
    0.5576,
    0.5725,
    0.6106,
    0.7002,
    0.7577,
    0.7943,
    0.8101,
    0.8156,
    0.8274,
    0.8417,
    0.8425,
    0.8566,
    0.8566,
    0.8608,
    0.851,
    0.8527,
    0.8647,
    0.8657,
    0.8678,
    0.8625,
    0.871,
    0.8689,
    0.8594,
    0.8729,
    0.8723,
    0.8648,
    0.8669,
    0.8671,
    0.8786,
    0.8799,
    0.8745,
    0.8717,
    0.8759,
    0.8744,
    0.8745,
    0.876,
    0.8722,
    0.8737,
    0.8682,
    0.8729
  ],
  "val_f1_scores": [
    0.4557345151875473,
    0.45898720089037287,
    0.4726124360230861,
    0.4,
    0.47484241955103396,
    0.45928449744463373,
    0.4431637032495402,
    0.5134183897932248,
    0.5357802150070583,
    0.5953024319268343,
    0.6960665044606651,
    0.7580145810446419,
    0.7932039810998291,
    0.8057686406873275,
    0.8192865542924344,
    0.8292779426310584,
    0.8432518071096148,
    0.8414376321353065,
    0.8549757281553398,
    0.8571713147410358,
    0.8573770491803279,
    0.848669510461101,
    0.8509260196336403,
    0.8634574629125038,
    0.8640825827345411,
    0.8647155137126484,
    0.8598797513502496,
    0.8702735317779565,
    0.8702879192638765,
    0.8597086409898224,
    0.8703722590515043,
    0.8720056129096923,
    0.8647458983593438,
    0.8652151898734177,
    0.8655266619447536,
    0.8782347041123371,
    0.8776611999592544,
    0.8726017663181402,
    0.8698650978801096,
    0.8749874080789766,
    0.8730030333670374,
    0.8729628504909404,
    0.8756518251103088,
    0.8730379495330817,
    0.8738891662506241,
    0.868986083499006,
    0.8718620828712572
  ],
  "learning_rates": [
    0.001,
    0.001,
    0.001,
    0.001,
    0.001,
    0.001,
    0.001,
    0.001,
    0.001,
    0.001,
    0.001,
    0.001,
    0.001,
    0.001,
    0.001,
    0.001,
    0.001,
    0.001,
    0.001,
    0.001,
    0.001,
    0.001,
    0.001,
    0.001,
    0.001,
    0.001,
    0.001,
    0.001,
    0.001,
    0.001,
    0.001,
    0.001,
    0.001,
    0.001,
    0.0005,
    0.0005,
    0.0005,
    0.0005,
    0.0005,
    0.0005,
    0.00025,
    0.00025,
    0.00025,
    0.00025,
    0.000125,
    0.000125,
    0.000125
  ],