{
  "augmentation_type": "randaugment",
  "epochs": 60,
  "results": [
    {
      "seed": 42,
      "accuracy": 0.8808,
      "f1_score": 0.8807866051824582,
      "status": "success"
    }
  ],
  "summary": {
    "successful_seeds": [
      42
    ],
    "avg_accuracy": 0.8808,
    "avg_f1_score": 0.8807866051824582,
    "best_accuracy": 0.8808,
    "best_f1_score": 0.8807866051824582
  }
}