{
  "validation_results": {
    "simple_average": {
      "accuracy": 0.8855,
      "f1_score": 0.8858083175426349
    },
    "performance_weighted": {
      "accuracy": 0.8859,
      "f1_score": 0.8862072404507829
    },
    "best_single_model": {
      "accuracy": 0.8874,
      "f1_score": 0.8860323886639676,
      "model_name": "resnet_optimized_1.12"
    },
    "stacking_meta_learner": {
      "accuracy": 0.9289,
      "f1_score": 0.92880744968459
    },
    "individual_model_accuracies": [
      0.8874,
      0.8792,
      0.878,
      0.8739,
      0.873,
      0.8702,
      0.8671,
      0.8546,
      0.8456,
      0.8488
    ],
    "fold_scores": [
      0.8905,
      0.9045,
      0.8835,
      0.897,
      0.878
    ]
  },
  "test_results": {
    "simple_average": {
      "accuracy": 0.8905,
      "f1_score": 0.8900050226017077
    },
    "performance_weighted": {
      "accuracy": 0.891,
      "f1_score": 0.8904522613065327
    },
    "best_single_model": {
      "accuracy": 0.8845,
      "f1_score": 0.8814776808619805
    },
    "stacking_meta_learner": {
      "accuracy": 0.903,
      "f1_score": 0.9021190716448032
    }
  },
  "summary": {
    "best_method": "Stacking元学习器",
    "test_accuracy": 0.903,
    "improvement_over_single": 0.018500000000000072,
    "val_vs_test_difference": -0.025899999999999923
  }
}