{
  "model_name": "Seed-2024",
  "created_at": "2025-10-25T18:47:23.083841",
  "total_epochs": 45,
  "best_metrics": {
    "epoch": 35,
    "train_loss": 0.0459342564806304,
    "train_acc": 0.93174,
    "train_f1": 0.9317386347726955,
    "val_loss": 0.0930642195662875,
    "val_acc": 0.875,
    "val_f1": 0.8764822134387352,
    "lr": 0.0005
  },
  "epochs": [
    1,
    2,
    3,
    4,
    5,
    6,
    7,
    8,
    9,
    10,
    11,
    12,
    13,
    14,
    15,
    16,
    17,
    18,
    19,
    20,
    21,
    22,
    23,
    24,
    25,
    26,
    27,
    28,
    29,
    30,
    31,
    32,
    33,
    34,
    35,
    36,
    37,
    38,
    39,
    40,
    41,
    42,
    43,
    44,
    45
  ],
  "train_losses": [
    0.17467379303234618,
    0.17350791867279336,
    0.17330730965603952,
    0.17325725337809614,
    0.17313248879464385,
    0.17286888765328376,
    0.17256797358508,
    0.1721898807246057,
    0.17178077849052142,
    0.17002716607145033,
    0.16666892885475817,
    0.15939900065626939,
    0.1445001333837619,
    0.12799373722594717,
    0.11692521901196226,
    0.10982444941463983,
    0.10311552378184655,
    0.09749273024975796,
    0.09389650029466128,
    0.08927703238166201,
    0.08584409622032471,
    0.0825531111024987,
    0.07936181859744479,
    0.07776622780505806,
    0.07439091211885138,
    0.07145856110298116,
    0.07017622747079795,
    0.0675800476232758,
    0.06522972398268445,
    0.06346760900772136,
    0.06090133663390756,
    0.05905108944134182,
    0.05644936667388434,
    0.05511813757278959,
    0.0459342564806304,
    0.04233292568132015,
    0.04064680254348861,
    0.03808905511541897,
    0.03639645636072168,
    0.030922232320784684,
    0.028837793774645574,
    0.02711886228264674,
    0.026444159887607215,
    0.023734714601265118,
    0.022492928398282402
  ],
  "train_accuracies": [
    0.506,
    0.50784,
    0.50808,
    0.51074,
    0.51602,
    0.5218,
    0.52772,
    0.52516,
    0.53372,
    0.55884,
    0.58056,
    0.6249,
    0.6988,
    0.75562,
    0.7874,
    0.80304,
    0.81834,
    0.82954,
    0.83684,
    0.84756,
    0.8522,
    0.8597,
    0.86658,
    0.86876,
    0.8768,
    0.8811,
    0.885,
    0.88944,
    0.89496,
    0.89738,
    0.90298,
    0.90638,
    0.91302,
    0.91558,
    0.93174,
    0.93768,
    0.94244,
    0.94716,
    0.94978,
    0.96046,
    0.96354,
    0.96796,
    0.96788,
    0.97352,
    0.97466
  ],
  "train_f1_scores": [
    0.5100178536004761,
    0.5040309577555627,
    0.50642157649703,
    0.5012538481926238,
    0.5010001031034127,
    0.4845649737000948,
    0.5072614973708371,
    0.4842731775132505,
    0.5101071653708762,
    0.553065607650849,
    0.5716503267973856,
    0.6190098929449286,
    0.7002985074626865,
    0.7555857820094813,
    0.7872808772912832,
    0.8038559592096877,
    0.818648297893581,
    0.8297136920341251,
    0.8365064732053389,
    0.8477791979549448,
    0.8518681847338038,
    0.8595679939142794,
    0.8663849219860997,
    0.8682329317269076,
    0.8765333119538202,
    0.8808832074375363,
    0.8852020444018528,
    0.8890227254476832,
    0.8946650621740875,
    0.8973984682757103,
    0.9027446420337216,
    0.9063294178856582,
    0.9127740227441384,
    0.915753547691755,
    0.9317386347726955,
    0.9375776273087864,
    0.9422992100725771,
    0.9470753205128205,
    0.9497830130192189,
    0.9604180431257132,
    0.9635246803657537,
    0.9679356310796206,
    0.9678787151486059,
    0.9734987990392314,
    0.9746483382355884
  ],
  "val_losses": [
    0.17340798913293584,
    0.17331450380337465,
    0.1736489504955377,
    0.1730991840172725,
    0.17286139090729366,
    0.17217161131512587,
    0.17181328299698556,
    0.17185069212488308,
    0.1699917055429167,
    0.16804480647585193,
    0.1611290002704426,
    0.15252128290902278,
    0.13087323573744222,
    0.1170561110043222,
    0.10885372791130832,
    0.10320943465847877,
    0.09563540904575092,
    0.09561786148103939,
    0.09005398711391316,
    0.0866666610358627,
    0.08670655291551238,
    0.08614942637883174,
    0.08642756324380067,
    0.08250610079545125,
    0.08393211639041354,
    0.08575007810619227,
    0.09085628226589246,
    0.08509304327000479,
    0.08615902823152816,
    0.08258503813083005,
    0.08446820096889879,
    0.08506093767418224,
    0.09074769157228196,
    0.0846861501218407,
    0.0930642195662875,
    0.103997476304033,
    0.10197865947559001,
    0.10426260113336477,
    0.1134093365376922,
    0.12312115814275802,
    0.11685089395636586,
    0.12978514661170115,
    0.13297021330874056,
    0.13843726793861694,
    0.13544782270101985
  ],
  "val_accuracies": [
    0.5108,
    0.5179,
    0.5104,
    0.5197,
    0.5259,
    0.5215,
    0.5399,
    0.5337,
    0.5554,
    0.5661,
    0.6092,
    0.6612,
    0.7399,
    0.7784,
    0.8025,
    0.8177,
    0.8314,
    0.8343,
    0.8472,
    0.8552,
    0.855,
    0.856,
    0.851,
    0.8615,
    0.8624,
    0.8649,
    0.8559,
    0.8718,
    0.8664,
    0.8746,
    0.8684,
    0.867,
    0.872,
    0.8692,
    0.875,
    0.8696,
    0.8742,
    0.8723,
    0.8729,
    0.8743,
    0.873,
    0.8743,
    0.8729,
    0.8717,
    0.8745
  ],
  "val_f1_scores": [
    0.5743866365060031,
    0.5942943701085585,
    0.45478841870824055,
    0.5045899948427024,
    0.47503045066991473,
    0.45056837754047535,
    0.4638154061298217,
    0.3959062054670294,
    0.4886128364389234,
    0.5999815617221351,
    0.6011430904266177,
    0.6616736568803675,
    0.7403414195867026,
    0.7843099085069106,
    0.8057058534185932,
    0.8172797434098427,
    0.8352872215709262,
    0.8355987697192182,
    0.8504014098296456,
    0.8549388900020036,
    0.8530603972436157,
    0.855595667870036,
    0.8522411741372471,
    0.8619830592924763,
    0.863030061716106,
    0.8650214806673994,
    0.8554228955553326,
    0.8717230338202921,
    0.8630586305863058,
    0.8740204942736588,
    0.8686102236421726,
    0.8658462779907202,
    0.8728897715988083,
    0.8689903846153846,
    0.8764822134387352,
    0.8712225952992297,
    0.8736440337484934,
    0.8700783396072845,
    0.871680969207471,
    0.8730687670402908,
    0.8727199839647224,
    0.8736302402734493,
    0.872299809102783,
    0.8720199501246882,
    0.8741602326280958
  ],
  "learning_rates": [
    0.001,
    0.001,
    0.001,
    0.001,
    0.001,
    0.001,
    0.001,
    0.001,
    0.001,
    0.001,
    0.001,
    0.001,
    0.001,
    0.001,
    0.001,
    0.001,
    0.001,
    0.001,
    0.001,
    0.001,
    0.001,
    0.001,
    0.001,
    0.001,
    0.001,
    0.001,
    0.001,
    0.001,
    0.001,
    0.001,
    0.001,
    0.001,
    0.001,
    0.0005,
    0.0005,
    0.0005,
    0.0005,
    0.0005,
    0.00025,
    0.00025,
    0.00025,
    0.00025,
    0.000125,
    0.000125,
    0.000125
  ],
  "gradient_norms": [
    0.18449328379191582,
    0.12715618437799153,
    0.10330830058015585,
    0.08378116003956887,
    0.07281662546127797,
    0.06198273487213385,
    0.053256626857609554,
    0.05753650516178725,
    0.05049090518869129,
    0.05729164328733859,
    0.053672993367037174,
    0.09231389883926129,
    0.13352263497753633,
    NaN,
    0.18149123690372376,
    0.4600801602639939,
    0.1740527537694561,
    0.1473711636634595,
    NaN,
    0.8747075334065081,
    0.2967680043567552,
    0.9999991344181645,
    0.37596620393311664,
    0.3080463286283312,
    0.256385043020676,
    0.3009189416707829,
    0.5598480178462811,
    0.15166229333030695,
    0.7133591476418116,
    0.3536861288863708,
    0.5507436190587063,
    0.11958126473283252,
    0.266444926662466,
    0.12210089211714681,
    0.3872270928480492,
    0.520285052250161,
    NaN,
    0.30186682413029026,
    0.9999990330214878,
    0.9999994826620594,
    0.06029009505432147,
    0.7493715581337932,
    0.9999993361164148,
    0.289843752428909,
    0.026032137996748
  ]
}