{
  "model_name": "Seed-2023",
  "created_at": "2025-10-25T18:44:25.409783",
  "total_epochs": 44,
  "best_metrics": {
    "epoch": 34,
    "train_loss": 0.047966837301812205,
    "train_acc": 0.92658,
    "train_f1": 0.9264461319601675,
    "val_loss": 0.09302131582502347,
    "val_acc": 0.8711,
    "val_f1": 0.8714983550991925,
    "lr": 0.0005
  },
  "epochs": [
    1,
    2,
    3,
    4,
    5,
    6,
    7,
    8,
    9,
    10,
    11,
    12,
    13,
    14,
    15,
    16,
    17,
    18,
    19,
    20,
    21,
    22,
    23,
    24,
    25,
    26,
    27,
    28,
    29,
    30,
    31,
    32,
    33,
    34,
    35,
    36,
    37,
    38,
    39,
    40,
    41,
    42,
    43,
    44
  ],
  "train_losses": [
    0.17494045390421167,
    0.1735051264390921,
    0.17318678967406986,
    0.17331873865612327,
    0.17300079109342506,
    0.17277846031862756,
    0.17243624303270788,
    0.17185574651831556,
    0.1710960641693886,
    0.1694717337294003,
    0.16749733968464006,
    0.16315312513991084,
    0.1522365560864701,
    0.13597255865173877,
    0.12299079034487,
    0.11369879844853335,
    0.10797703142285042,
    0.1027914033940686,
    0.09785672898411446,
    0.09387110056989181,
    0.09055998583164666,
    0.08699664458289476,
    0.08381970949432886,
    0.08102158824329639,
    0.07851141315344197,
    0.0754202227048633,
    0.07272128359226467,
    0.07082125402586845,
    0.06893620925867344,
    0.06665343853175792,
    0.06415037298694139,
    0.06142803935615151,
    0.05184439534935957,
    0.047966837301812205,
    0.04637497403394536,
    0.04397765525361842,
    0.04293242537552286,
    0.03926122598254772,
    0.03441967046402795,
    0.03266181999250599,
    0.0323080240505869,
    0.029711906071704673,
    0.026723676545740774,
    0.025170026511392173
  ],
  "train_accuracies": [
    0.50104,
    0.50592,
    0.51684,
    0.50526,
    0.51752,
    0.52084,
    0.52576,
    0.53762,
    0.5468,
    0.56538,
    0.57652,
    0.60018,
    0.6618,
    0.72718,
    0.76708,
    0.79184,
    0.80682,
    0.81704,
    0.82774,
    0.8353,
    0.84318,
    0.8509,
    0.85572,
    0.86424,
    0.8682,
    0.87382,
    0.87876,
    0.88338,
    0.88704,
    0.89226,
    0.89656,
    0.90274,
    0.91898,
    0.92658,
    0.9318,
    0.93426,
    0.93712,
    0.94272,
    0.9522,
    0.95746,
    0.95684,
    0.96128,
    0.96636,
    0.97052
  ],
  "train_f1_scores": [
    0.5011198208286675,
    0.5035768828872277,
    0.5085842148087877,
    0.48965360731158836,
    0.49933587913000166,
    0.5067731708321325,
    0.5041197875277093,
    0.5122059288954531,
    0.5340516532324395,
    0.5561025431518741,
    0.5718272264013589,
    0.5854983516141741,
    0.66113582621939,
    0.7265401038429926,
    0.7654286174669674,
    0.7917483692824843,
    0.8070399744291508,
    0.8173395631164889,
    0.8280460779811935,
    0.8358678970761166,
    0.8429381247120565,
    0.8505023362143301,
    0.8557776889244302,
    0.8642345693827753,
    0.8681630856639859,
    0.873539257150875,
    0.8786532148290496,
    0.8831486342959058,
    0.8866364256754045,
    0.8919813117844038,
    0.8963983814751012,
    0.9025782799447082,
    0.9189816203675927,
    0.9264461319601675,
    0.9317563240473903,
    0.9340820214579364,
    0.9370847674697831,
    0.9426695492032989,
    0.9521789587418464,
    0.9574489367235481,
    0.956760439208143,
    0.9612598551246648,
    0.9663613455461781,
    0.970501120717259
  ],
  "val_losses": [
    0.17326454637916225,
    0.17313387800174154,
    0.1730016434838058,
    0.1729696972924433,
    0.17264640663459802,
    0.17209066592963637,
    0.17136221621066902,
    0.1710168056806941,
    0.16969109729976412,
    0.16662439447679336,
    0.16379611203624944,
    0.15796400872385427,
    0.13872264947291393,
    0.12638916782322962,
    0.11376975130313521,
    0.107900693300803,
    0.10434469628106256,
    0.10147357224279148,
    0.09515769343087628,
    0.09016824257411775,
    0.09059118647958822,
    0.08844389118681288,
    0.08943536248841104,
    0.08432878112527216,
    0.08433861237992148,
    0.08384822064619156,
    0.08897766110244071,
    0.08346820105412964,
    0.08611756465901994,
    0.08560808403951348,
    0.08626296292919262,
    0.08902524359476795,
    0.09285449870168024,
    0.09302131582502347,
    0.09530044992448418,
    0.09886563996410673,
    0.10017443320174126,
    0.11046561745891145,
    0.11907222143309132,
    0.11975059326097465,
    0.12231758561958174,
    0.13650331769589405,
    0.13971154066692493,
    0.1408177345611487
  ],
  "val_accuracies": [
    0.5138,
    0.5054,
    0.5126,
    0.5151,
    0.5235,
    0.5312,
    0.5365,
    0.5498,
    0.5633,
    0.5864,
    0.6003,
    0.6245,
    0.7055,
    0.7588,
    0.7888,
    0.795,
    0.8135,
    0.8121,
    0.8279,
    0.8389,
    0.8471,
    0.8464,
    0.8497,
    0.8563,
    0.8579,
    0.8606,
    0.854,
    0.8653,
    0.8597,
    0.8622,
    0.8604,
    0.8581,
    0.8646,
    0.8711,
    0.8702,
    0.8687,
    0.8686,
    0.8654,
    0.8699,
    0.8683,
    0.8708,
    0.862,
    0.8643,
    0.867
  ],
  "val_f1_scores": [
    0.35500132661183337,
    0.5702867072111207,
    0.6043831168831169,
    0.53858597392711,
    0.4342870711148047,
    0.43761996161228406,
    0.42614832239692957,
    0.5078705728027985,
    0.5389082462253194,
    0.5679966576143722,
    0.5940895704275414,
    0.6222714012674782,
    0.7132703728945575,
    0.758944633220068,
    0.7959814528593508,
    0.7987828818217511,
    0.8124685771744595,
    0.8157301167009905,
    0.8311586382811733,
    0.8376499042628237,
    0.8453837597330367,
    0.8491159135559921,
    0.8518774021878388,
    0.857595877514617,
    0.8579994004197062,
    0.862307388384038,
    0.8550148957298908,
    0.865528601377658,
    0.8579815770827007,
    0.8612286002014099,
    0.8589043864968667,
    0.8581141885811419,
    0.8662055335968379,
    0.8714983550991925,
    0.8704590818363274,
    0.8682652754088492,
    0.868757491010787,
    0.8650761828388132,
    0.8697045568352528,
    0.8681549704675142,
    0.8705410821643287,
    0.8612228479485117,
    0.8645573410520012,
    0.8672124600638977
  ],
  "learning_rates": [
    0.001,
    0.001,
    0.001,
    0.001,
    0.001,
    0.001,
    0.001,
    0.001,
    0.001,
    0.001,
    0.001,
    0.001,
    0.001,
    0.001,
    0.001,
    0.001,
    0.001,
    0.001,
    0.001,
    0.001,
    0.001,
    0.001,
    0.001,
    0.001,
    0.001,
    0.001,
    0.001,
    0.001,
    0.001,
    0.001,
    0.001,
    0.0005,
    0.0005,
    0.0005,
    0.0005,
    0.0005,
    0.0005,
    0.00025,
    0.00025,
    0.00025,
    0.00025,
    0.000125,
    0.000125,
    0.000125
  ],
  "gradient_norms": [
    0.1766440228735859,
    0.11902300003719364,
    0.1263500428172752,
    0.08031366036106068,
    0.06898560477575337,
    0.07141452131336833,
    0.06720914875013366,
    0.052405709150930735,
    0.049625350913328016,
    0.051591201712610786,
    0.056681851697653135,
    0.06995698490358164,
    0.23170037754620149,
    0.14975791939942784,
    0.24079243483218377,
    0.4498016510814428,
    0.13841406403716863,
    0.19744520168365487,
    0.20421959415807192,
    0.2963445898337179,
    0.11152807890947718,
    0.11093857293122823,
    0.6575240082992659,
    0.5116703215012356,
    0.1429225581635788,
    0.1685327834730994,
    0.31215553632586274,
    0.198329250214164,
    0.6645703834997002,
    0.5251395749465143,
    0.25976514796285893,
    0.23834400165402403,
    0.6828344319739373,
    0.4339324745373041,
    0.6361648174978922,
    0.20158215750602662,
    0.6677894366341826,
    0.7740690619581532,
    0.31594301719006146,
    0.9999990682631726,
    0.7884401598606695,
    0.2532741583187104,
    0.2984933377009677,
    0.1314583533153435
  ]
}