{
  "model_name": "ImprovedV2",
  "created_at": "2025-10-25T06:42:46.734590",
  "total_epochs": 45,
  "best_metrics": {
    "epoch": 35,
    "train_loss": 0.033830037424781495,
    "train_acc": 0.98678,
    "train_f1": 0.9867781489408517,
    "val_loss": 0.611291809304125,
    "val_acc": 0.8684,
    "val_f1": 0.8682946357085669,
    "lr": 0.00025
  },
  "epochs": [
    1,
    2,
    3,
    4,
    5,
    6,
    7,
    8,
    9,
    10,
    11,
    12,
    13,
    14,
    15,
    16,
    17,
    18,
    19,
    20,
    21,
    22,
    23,
    24,
    25,
    26,
    27,
    28,
    29,
    30,
    31,
    32,
    33,
    34,
    35,
    36,
    37,
    38,
    39,
    40,
    41,
    42,
    43,
    44,
    45
  ],
  "train_losses": [
    0.6946966389713385,
    0.6885556659430189,
    0.6834450291703119,
    0.6701946950629544,
    0.6375135312147457,
    0.5467110757937517,
    0.4581857387671995,
    0.4088822794158745,
    0.37391803093502285,
    0.3464686302158534,
    0.3254898533872936,
    0.3090640367068293,
    0.2911216701616717,
    0.2789882188448516,
    0.2628057487308979,
    0.25154685447244995,
    0.23678689664396482,
    0.22389106145676443,
    0.21212073469825107,
    0.2041596509944981,
    0.1880183860545268,
    0.18193517322830685,
    0.16924465924996854,
    0.15796570068754046,
    0.1490776384406535,
    0.10708258086648743,
    0.09262434418772912,
    0.08465573358256608,
    0.0778359498607133,
    0.07256928415102003,
    0.06937655940523271,
    0.04695716998821227,
    0.04253203829627156,
    0.038599177171527395,
    0.033830037424781495,
    0.032050223621364705,
    0.02989288158644803,
    0.02899279284869771,
    0.02926340901932698,
    0.02056609329681107,
    0.016910701971444543,
    0.015390075002688275,
    0.015349975794602436,
    0.01322347720521261,
    0.010954002012445679
  ],
  "train_accuracies": [
    0.51024,
    0.53012,
    0.5408,
    0.56604,
    0.60746,
    0.70688,
    0.77498,
    0.80232,
    0.82394,
    0.83848,
    0.84856,
    0.85794,
    0.86596,
    0.87332,
    0.88036,
    0.88632,
    0.89404,
    0.89898,
    0.90514,
    0.9097,
    0.916,
    0.92056,
    0.92532,
    0.93142,
    0.935,
    0.95468,
    0.96046,
    0.96514,
    0.96694,
    0.96972,
    0.97236,
    0.98154,
    0.98292,
    0.98502,
    0.98678,
    0.98764,
    0.98826,
    0.98886,
    0.98898,
    0.99266,
    0.99422,
    0.99462,
    0.99428,
    0.99526,
    0.99596
  ],
  "train_f1_scores": [
    0.5085494099702978,
    0.5036548781003084,
    0.5290642819050745,
    0.55694858496345,
    0.5968242230028142,
    0.7060333761232349,
    0.774406993764161,
    0.8019397242705996,
    0.8237672919461072,
    0.8385187554986803,
    0.8481713185755534,
    0.8577721711619711,
    0.8657613267636102,
    0.8731830376806952,
    0.8803456414769772,
    0.8860510805500982,
    0.8937936011546789,
    0.8986821254488195,
    0.9050013019007751,
    0.9096512116542933,
    0.9159428411319698,
    0.9205854126679462,
    0.9253229870805167,
    0.9313774540214933,
    0.9348357861811766,
    0.9546291846868493,
    0.9604132876794618,
    0.9651267481643024,
    0.9669155174829374,
    0.9696690439939097,
    0.9723212497496495,
    0.9815440603067325,
    0.982915216260553,
    0.985022096906433,
    0.9867781489408517,
    0.98764,
    0.9882583561698638,
    0.988859777195544,
    0.9889784569839778,
    0.9926595595735744,
    0.9942182654796439,
    0.9946188161395507,
    0.99428,
    0.995259715582935,
    0.9959603231741461
  ],
  "val_losses": [
    0.688617639101235,
    0.6807822854655563,
    0.6736047195780809,
    0.6675790597678749,
    0.6144646261907687,
    0.4719111199971217,
    0.42154903092961404,
    0.38101472757804167,
    0.367035639324006,
    0.3342860754887769,
    0.3264373112825831,
    0.3226510535000236,
    0.31211050756418024,
    0.3156466880801377,
    0.3137001912495133,
    0.301811564405253,
    0.30191253704629883,
    0.30351120750805377,
    0.32710554906327255,
    0.31797210117624064,
    0.3240404663856622,
    0.3217666051380194,
    0.3372321352362633,
    0.3656590319932646,
    0.36285244113510584,
    0.4046167899279078,
    0.4175059388207782,
    0.4536462583739287,
    0.4551370050402204,
    0.48265893097705903,
    0.5024515673233445,
    0.5460103943374506,
    0.5574243142726315,
    0.6119393330470771,
    0.611291809304125,
    0.6444400089561559,
    0.6529650758406159,
    0.668087043105417,
    0.6935924997754918,
    0.7061666445747302,
    0.7035531306722361,
    0.7191721817870049,
    0.7579104409665819,
    0.7617816545401409,
    0.7715336268494843
  ],
  "val_accuracies": [
    0.5277,
    0.5505,
    0.5672,
    0.5847,
    0.6327,
    0.7617,
    0.7921,
    0.8134,
    0.8212,
    0.841,
    0.8428,
    0.8491,
    0.8561,
    0.851,
    0.8569,
    0.8605,
    0.8635,
    0.8659,
    0.8654,
    0.8628,
    0.8674,
    0.862,
    0.8634,
    0.8574,
    0.8629,
    0.8622,
    0.8677,
    0.8642,
    0.8643,
    0.8648,
    0.8624,
    0.8671,
    0.8641,
    0.8634,
    0.8684,
    0.8659,
    0.8654,
    0.8624,
    0.8634,
    0.8643,
    0.8643,
    0.8656,
    0.8649,
    0.8644,
    0.8637
  ],
  "val_f1_scores": [
    0.5240350700393026,
    0.5921422738408493,
    0.5003463403371046,
    0.614499210990439,
    0.6364446204097792,
    0.7698251714478895,
    0.7918293781916491,
    0.8146234849990066,
    0.8166153846153846,
    0.8397500503930659,
    0.8443564356435643,
    0.8513154005320721,
    0.8545142048326761,
    0.8489762821812284,
    0.8574843143113235,
    0.8589341692789969,
    0.8634043830681477,
    0.8649954696466324,
    0.8652112958141398,
    0.8618049959709911,
    0.8661687525232136,
    0.8610831487819609,
    0.8618806875631951,
    0.8559886891537063,
    0.8625563909774436,
    0.8624475943302057,
    0.8684236698160119,
    0.8647410358565737,
    0.8648002391152735,
    0.8648270345930814,
    0.8630845771144279,
    0.8669270051066387,
    0.8643577203313704,
    0.8641066454436928,
    0.8682946357085669,
    0.8658865886588659,
    0.8654,
    0.8629209005778044,
    0.8636998603073239,
    0.864773293472845,
    0.8644220201818363,
    0.8659217877094972,
    0.8648864886488649,
    0.8640737770649559,
    0.8638225596962733
  ],
  "learning_rates": [
    0.001,
    0.001,
    0.001,
    0.001,
    0.001,
    0.001,
    0.001,
    0.001,
    0.001,
    0.001,
    0.001,
    0.001,
    0.001,
    0.001,
    0.001,
    0.001,
    0.001,
    0.001,
    0.001,
    0.001,
    0.001,
    0.001,
    0.001,
    0.001,
    0.0005,
    0.0005,
    0.0005,
    0.0005,
    0.0005,
    0.0005,
    0.00025,
    0.00025,
    0.00025,
    0.00025,
    0.00025,
    0.00025,
    0.00025,
    0.00025,
    0.000125,
    0.000125,
    0.000125,
    0.000125,
    6.25e-05,
    6.25e-05,
    6.25e-05
  ],
  "gradient_norms": [
    0.3967774364984722,
    0.2653365006670298,
    0.36786771066576124,
    0.462603826966497,
    0.5181543949654119,
    0.6834550036339709,
    0.7724681540695973,
    0.9883655486040448,
    0.8248530827521168,
    1.7462630200892808,
    0.2265070295697593,
    1.3775301742060377,
    1.4467285370583831,
    0.9981096698070754,
    1.2600629728968584,
    1.1947926207136232,
    1.0274818466770248,
    0.7846536794536484,
    3.4282288553028524,
    0.5327768630615861,
    0.7866255675992976,
    1.630178169122107,
    1.3811830467774056,
    1.0910243494568905,
    1.6528069813736412,
    1.6615632103039049,
    0.5903458118594681,
    3.0344392673099776,
    0.7685797975954792,
    1.3655475770012016,
    2.256436154148287,
    2.0182072747393884,
    0.7059031949369766,
    7.5639186708020505,
    0.20571340142964933,
    0.011249439423938282,
    0.03488591382369475,
    6.440811885162122,
    1.9157267579745834,
    0.41910872840006685,
    0.9783677192272804,
    0.013472400395117407,
    1.0049342284907863,
    4.855412695306644,
    0.7971587936097122
  ]
}