{
  "model_name": "Fusion-456",
  "created_at": "2025-10-25T18:29:18.413933",
  "total_epochs": 49,
  "best_metrics": {
    "epoch": 39,
    "train_loss": 0.036024395887361234,
    "train_acc": 0.95096,
    "train_f1": 0.950910910910911,
    "val_loss": 0.11382344175296225,
    "val_acc": 0.8707,
    "val_f1": 0.8712279653420975,
    "lr": 0.0005
  },
  "epochs": [
    1,
    2,
    3,
    4,
    5,
    6,
    7,
    8,
    9,
    10,
    11,
    12,
    13,
    14,
    15,
    16,
    17,
    18,
    19,
    20,
    21,
    22,
    23,
    24,
    25,
    26,
    27,
    28,
    29,
    30,
    31,
    32,
    33,
    34,
    35,
    36,
    37,
    38,
    39,
    40,
    41,
    42,
    43,
    44,
    45,
    46,
    47,
    48,
    49
  ],
  "train_losses": [
    0.17504205225068895,
    0.17342554709261945,
    0.17293854694232305,
    0.17295508460163156,
    0.17293731940676793,
    0.17261101154948744,
    0.17209166482738827,
    0.17089887904694012,
    0.1684582491055169,
    0.16148254401086237,
    0.1459918250722806,
    0.13010465712917735,
    0.11955988566245875,
    0.1111969734682604,
    0.10536850636343822,
    0.09988036635034073,
    0.09575038526178625,
    0.09242384877446515,
    0.0883190019575455,
    0.085339968295201,
    0.08243021154609483,
    0.08058706677668845,
    0.07732957493885399,
    0.07427655576783068,
    0.07251500830416331,
    0.06979906572329114,
    0.06731605677939284,
    0.06575339546193705,
    0.06348745208090681,
    0.061042453984127325,
    0.05915351922068831,
    0.057831820646000794,
    0.05524538907096209,
    0.054537163892536974,
    0.051919469640821295,
    0.05049615492210593,
    0.04056123353760032,
    0.037581569405601305,
    0.036024395887361234,
    0.034030463226149076,
    0.03412409707703783,
    0.03046448537341469,
    0.030192550244357658,
    0.025696704885862825,
    0.023267405329134,
    0.022622075464214433,
    0.021711107487540186,
    0.019295029700650355,
    0.018462134880082838
  ],
  "train_accuracies": [
    0.50028,
    0.51156,
    0.52154,
    0.52182,
    0.5179,
    0.52416,
    0.53674,
    0.55106,
    0.56944,
    0.61292,
    0.69198,
    0.75044,
    0.78036,
    0.79906,
    0.81028,
    0.82186,
    0.83302,
    0.84034,
    0.84874,
    0.85368,
    0.86002,
    0.8649,
    0.87176,
    0.87612,
    0.88114,
    0.88482,
    0.8904,
    0.89188,
    0.89728,
    0.90446,
    0.9068,
    0.9088,
    0.91558,
    0.91668,
    0.92024,
    0.9245,
    0.94204,
    0.94836,
    0.95096,
    0.9547,
    0.95476,
    0.96094,
    0.96242,
    0.96976,
    0.97346,
    0.97462,
    0.97702,
    0.98226,
    0.9829
  ],
  "train_f1_scores": [
    0.5004997800967574,
    0.5089476012385893,
    0.5152872049437747,
    0.5086619674893652,
    0.508993135477563,
    0.5125189525877966,
    0.5193101873949405,
    0.5408578616866779,
    0.5592679032059944,
    0.6109592345420921,
    0.6905379066449655,
    0.7515332536837913,
    0.7817741038073285,
    0.7988306669603348,
    0.8105528039622943,
    0.822254594799545,
    0.8325612177365983,
    0.8403368067361348,
    0.8486461606195841,
    0.8533044594161052,
    0.8598377891258636,
    0.8652261527104408,
    0.871605927112535,
    0.8761398176291794,
    0.8808612152436702,
    0.884753156830962,
    0.8902507410077706,
    0.891515492053299,
    0.8971442303841071,
    0.9043509600945078,
    0.9067291141267363,
    0.908745247148289,
    0.9154836513625533,
    0.9165598461784971,
    0.9199711029057633,
    0.9244289632254319,
    0.9420052031218731,
    0.9482212329041833,
    0.950910910910911,
    0.9546573779352592,
    0.9546838688997515,
    0.9609329679342281,
    0.9623981909507514,
    0.9697163916039097,
    0.9734382193398586,
    0.9746133994838658,
    0.977002982206833,
    0.9822497048288007,
    0.9829010259384436
  ],
  "val_losses": [
    0.17376840475258554,
    0.17340085726634713,
    0.17257912295639136,
    0.1727578889602309,
    0.17274837157908518,
    0.1720310824502046,
    0.17197492785134894,
    0.1683438452565746,
    0.16419966452440637,
    0.16012579658228882,
    0.130695985381011,
    0.11893361768904764,
    0.10943958239190897,
    0.1045769872559104,
    0.09869762790051236,
    0.09438327529058335,
    0.09520822611584026,
    0.09388265035049931,
    0.08909498950003818,
    0.09290906473709519,
    0.08994438907333241,
    0.08746679504490962,
    0.0884832363504513,
    0.08752503905706345,
    0.08631020357274706,
    0.08406581077131496,
    0.08464366029117518,
    0.09016541503132529,
    0.09142113749863236,
    0.09274908012835084,
    0.09120949405203958,
    0.08804263278936884,
    0.09589838317245435,
    0.08977046853322891,
    0.09347743163727651,
    0.09888252471188072,
    0.10586117235291156,
    0.1100705411213978,
    0.11382344175296225,
    0.1147124323590546,
    0.11980808267642738,
    0.12336432055872716,
    0.1344789853141566,
    0.13981458853194667,
    0.1575667689773877,
    0.1462895575744711,
    0.15374253893116857,
    0.1627779262982736,
    0.1656492558207102
  ],
  "val_accuracies": [
    0.5057,
    0.5128,
    0.5315,
    0.5217,
    0.5229,
    0.527,
    0.5467,
    0.5672,
    0.5927,
    0.6226,
    0.7425,
    0.7702,
    0.8018,
    0.8121,
    0.8207,
    0.8358,
    0.8269,
    0.8347,
    0.8435,
    0.8385,
    0.8493,
    0.8559,
    0.8568,
    0.8576,
    0.8589,
    0.8596,
    0.861,
    0.8617,
    0.8591,
    0.8626,
    0.8644,
    0.8676,
    0.8587,
    0.8616,
    0.8606,
    0.8613,
    0.8704,
    0.8675,
    0.8707,
    0.864,
    0.8639,
    0.8639,
    0.8621,
    0.8663,
    0.8574,
    0.8633,
    0.865,
    0.8642,
    0.8625
  ],
  "val_f1_scores": [
    0.5685607052457013,
    0.45830553702468313,
    0.4681575661255534,
    0.5274182393044166,
    0.5861739960100616,
    0.5817120622568094,
    0.5650129546108819,
    0.5519668737060042,
    0.5767432193702587,
    0.6158387622149837,
    0.7448726840384425,
    0.7782281412854661,
    0.8059526140591345,
    0.8089476359938993,
    0.8230883078441046,
    0.8356685348278623,
    0.8274349516498853,
    0.8393742104751725,
    0.8439525376408415,
    0.8402097556149204,
    0.8500348293362524,
    0.8581553302490402,
    0.8586377097729516,
    0.8579976067012366,
    0.860724508932978,
    0.8589228295819936,
    0.8612774451097804,
    0.8635691032849956,
    0.8588600621055795,
    0.8629563135846798,
    0.865047770700637,
    0.8687549563838224,
    0.8580612757408338,
    0.8612948486670675,
    0.8609337589784517,
    0.8643786056517063,
    0.8714030561619369,
    0.8678304239401496,
    0.8712279653420975,
    0.8655595096876235,
    0.8636409177437131,
    0.8639408177546736,
    0.8613373554550026,
    0.8668459316801116,
    0.8590073165908642,
    0.8638039254757398,
    0.8654574446880606,
    0.8648756218905472,
    0.8635777358864967
  ],
  "learning_rates": [
    0.001,
    0.001,
    0.001,
    0.001,
    0.001,
    0.001,
    0.001,
    0.001,
    0.001,
    0.001,
    0.001,
    0.001,
    0.001,
    0.001,
    0.001,
    0.001,
    0.001,
    0.001,
    0.001,
    0.001,
    0.001,
    0.001,
    0.001,
    0.001,
    0.001,
    0.001,
    0.001,
    0.001,
    0.001,
    0.001,
    0.001,
    0.001,
    0.001,
    0.001,
    0.001,
    0.0005,
    0.0005,
    0.0005,
    0.0005,
    0.0005,
    0.0005,
    0.0005,
    0.00025,
    0.00025,
    0.00025,
    0.00025,
    0.000125,
    0.000125,
    0.000125
  ],